id;user_id;firstname;lastname;alias;gender;email;phone;address_line_1;address_line_2;city;country;created_at;updated_at
1;도전적으로 부드러운 scheme;micromanage 밝게 relaunch;비행사 er 고문;within weatherize;OTHER;"H@IYN.OS";091-1022-1674;where since vice;진술서 lest furthermore;창원구;Vietnam;2024-12-11T15:56:01;2024-12-11T19:23:06
2;승인 bicycle 어지러운;mob redevelop;편안한;gee excepting 합금;MALE;"Y<[Dl@HG+R5.&`'[";038-7662-3592;탄약;gee;동작군;Eritrea;2024-12-12T01:56:56;2024-12-11T12:10:18
3;whose 날씬한;oof colour;조정 whereas taxicab;yippee 애프터셰이브 밀집한;OTHER;"1EH`@8vc9B.,7";06-64162-7382;별개의;음향학;김천군;Rwanda;2024-12-11T05:53:57;2024-12-11T18:52:15
4;보적;upon inasmuch;양자 athwart;yahoo 의심스럽게 over;FEMALE;"(Dl?@j5;<oi.u=JzwN";027-299-1498;pish nor 다소;see;거창구;Senegal;2024-12-11T07:43:03;2024-12-11T07:11:13
5;조정;amidst yuck brr;plus whether inasmuch;경험한 chip;OTHER;"sojqLj@TXi.T";094-9716-0028;what;among unless 나이;동작시;Northern Mariana Islands;2024-12-11T14:40:59;2024-12-12T00:23:41
6;once;잔혹한 hmph;into 공항;대사 방어;MALE;"j_m@C.b-Y";040-136-0847;like;눈이 먼 lest ew;광주군;Switzerland;2024-12-12T01:10:56;2024-12-11T19:54:38
7;stiffen ack midst;without;밝게;소름 끼치는 고의로;MALE;"99@`Ci{.L?e";032-9989-8401;dereference since;yippee;목포구;Sao Tome and Principe;2024-12-12T03:16:32;2024-12-11T04:37:07
8;관리자 언제나;geez solicit;순수한;but oof outnumber;OTHER;"\y?>W@9e#3T.7h";03-09332-9932;but;shout;창원시;New Zealand;2024-12-12T00:12:41;2024-12-11T07:48:00
9;신뢰할 수 있는;몹시 밝게;비어 있는;유명한;OTHER;"f@d-/.F6mF";050-795-3124;보좌관 죽은;excepting 부러워하는;거창구;Nicaragua;2024-12-12T03:14:03;2024-12-11T20:27:56
10;abaft qua underneath;finally 늙은 맹목적으로;열심히 record;쇠붙이;OTHER;"tJs>@=A.0]'Tg2";002-237-0475;athwart 도토리;enroll provided 쿨하게;수원군;China;2024-12-11T23:54:28;2024-12-11T09:15:51
